{"inputUnits":[34],"outputUnits":3,"inputs":{"0":{"dtype":"number","min":236.25892416078443,"max":272.9377101132279},"1":{"dtype":"number","min":70.66881384301138,"max":77.651008472108},"2":{"dtype":"number","min":255.10769581934164,"max":288.21985315393516},"3":{"dtype":"number","min":54.56561588636848,"max":59.6996633258247},"4":{"dtype":"number","min":229.1895518758376,"max":254.1703608998081},"5":{"dtype":"number","min":55.06071867766204,"max":62.80646906029179},"6":{"dtype":"number","min":280.4823267529582,"max":308.0006673415037},"7":{"dtype":"number","min":59.74971200522856,"max":69.88755254020467},"8":{"dtype":"number","min":214.50801975778202,"max":233.14771864149304},"9":{"dtype":"number","min":61.528535660712095,"max":75.16990527772066},"10":{"dtype":"number","min":298.11034100329897,"max":349.1491169771488},"11":{"dtype":"number","min":145.1576170447277,"max":161.72831217447916},"12":{"dtype":"number","min":191.28311365436159,"max":220.15023527089613},"13":{"dtype":"number","min":147.57218805205287,"max":159.74263423599925},"14":{"dtype":"number","min":272.0089715730842,"max":366.30428678575777},"15":{"dtype":"number","min":260.6289537515324,"max":293.9007485075536},"16":{"dtype":"number","min":169.551330923337,"max":279.4559709277534},"17":{"dtype":"number","min":191.199401498538,"max":275.94554730093733},"18":{"dtype":"number","min":181.8130957174022,"max":332.9726340013173},"19":{"dtype":"number","min":189.50011314704403,"max":218.29403287950777},"20":{"dtype":"number","min":177.29614718848035,"max":325.2755915770056},"21":{"dtype":"number","min":188.0851867556804,"max":217.98358642102215},"22":{"dtype":"number","min":272.21423708672177,"max":309.38365081132736},"23":{"dtype":"number","min":376.4767390617385,"max":422.9155006929215},"24":{"dtype":"number","min":219.19131682397793,"max":256.5893614175956},"25":{"dtype":"number","min":360.9119437591374,"max":402.8339610555251},"26":{"dtype":"number","min":254.6572994953475,"max":301.73497517903644},"27":{"dtype":"number","min":538.0937510856643,"max":555.6795773868672},"28":{"dtype":"number","min":210.49823426363758,"max":246.74327352125974},"29":{"dtype":"number","min":518.4380954050878,"max":559.0580669016401},"30":{"dtype":"number","min":251.43521730895162,"max":297.40860833062067},"31":{"dtype":"number","min":553.6188130815591,"max":559.2466077748795},"32":{"dtype":"number","min":195.6873903032864,"max":262.27043285704497},"33":{"dtype":"number","min":555.0881425586127,"max":560.0356728477552}},"outputs":{"0":{"dtype":"string","min":0,"max":1,"uniqueValues":["a","d","f"],"legend":{"a":[1,0,0],"d":[0,1,0],"f":[0,0,1]}}},"isNormalized":true}